,author,handiness,distance,numbers
0,Magnus,l,4.25,35.30063218125605
1,Magnus,l,4.25,35.30063218125605
2,Magnus,l,4.25,32.779158454023474
